{"cameraMode":{"drawMode":0,"name":"Shaded","section":"Shading Mode"},"sceneLighting":true,"audioPlay":false,"sceneViewState":{"showFog":true,"showMaterialUpdate":false,"showSkybox":true,"showFlares":true,"showImageEffects":true,"showParticleSystems":true},"in2DMode":false,"pivot":{"x":0.8264450430870056,"y":2.936628818511963,"z":-2.086193084716797},"rotation":{"x":0.060030996799468997,"y":-0.9391670227050781,"z":0.2587181627750397,"w":0.21789290010929109},"size":0.1341244876384735,"orthographic":false}